<NotepadPlus>
    <UserLang name="Oberon" ext=".ob07;.mod;" udlVersion="2.1">
        <Settings>
            <Global caseIgnored="no" allowFoldOfComments="yes" foldCompact="yes" forcePureLC="0" decimalSeparator="0" />
            <Prefix Keywords1="yes" Keywords2="no" Keywords3="no" Keywords4="no" Keywords5="no" Keywords6="no" Keywords7="no" Keywords8="no" />
        </Settings>
        <KeywordLists>
            <Keywords name="Comments">00 01 02 03(* 04*)</Keywords>
            <Keywords name="Numbers, prefix1"></Keywords>
            <Keywords name="Numbers, prefix2"></Keywords>
            <Keywords name="Numbers, extras1">A B C D E F G H</Keywords>
            <Keywords name="Numbers, extras2"></Keywords>
            <Keywords name="Numbers, suffix1">X D H</Keywords>
            <Keywords name="Numbers, suffix2"></Keywords>
            <Keywords name="Numbers, range">1 2 3 4 5 6 7 8 9 0</Keywords>
            <Keywords name="Operators1">=  ; := &lt; &gt; &amp; * ORD NIL TRUE FALSE</Keywords>
            <Keywords name="Operators2">:=</Keywords>
            <Keywords name="Folders in code1, open"></Keywords>
            <Keywords name="Folders in code1, middle"></Keywords>
            <Keywords name="Folders in code1, close"></Keywords>
            <Keywords name="Folders in code2, open"></Keywords>
            <Keywords name="Folders in code2, middle"></Keywords>
            <Keywords name="Folders in code2, close"></Keywords>
            <Keywords name="Folders in comment, open">(*</Keywords>
            <Keywords name="Folders in comment, middle"></Keywords>
            <Keywords name="Folders in comment, close">*)</Keywords>
            <Keywords name="Keywords1">MODULE&#x000D;&#x000A;&#x041C;&#x041E;&#x0414;&#x0423;&#x041B;&#x042C;&#x000D;&#x000A;&#x000D;&#x000A;IMPORT&#x000D;&#x000A;&#x0418;&#x041C;&#x041F;&#x041E;&#x0420;&#x0422;&#x000D;&#x000A;&#x000D;&#x000A;CONST&#x000D;&#x000A;&#x041A;&#x041E;&#x041D;&#x0421;&#x0422;&#x000D;&#x000A;&#x000D;&#x000A;&#x041F;&#x0415;&#x0420;&#x0415;&#x041C;&#x000D;&#x000A;&#x041F;&#x0415;&#x0420;&#x000D;&#x000A;&#x041F;&#x0420;&#x041E;&#x0426;&#x0415;&#x0414;&#x0423;&#x0420;&#x0410;&#x000D;&#x000A;&#x041D;&#x0410;&#x0427;&#x0410;&#x041B;&#x041E;&#x000D;&#x000A;&#x0415;&#x0421;&#x041B;&#x0418;&#x000D;&#x000A;&#x041A;&#x041E;&#x041D;&#x0415;&#x0426;&#x000D;&#x000A;&#x0422;&#x041E;&#x0413;&#x0414;&#x0410;&#x000D;&#x000A;&#x041F;&#x041E;&#x041A;&#x0410;&#x000D;&#x000A;&#x0414;&#x0415;&#x041B;&#x0410;&#x0422;&#x042C;&#x000D;&#x000A;&#x0412;&#x0415;&#x0420;&#x041D;&#x0423;&#x0422;&#x042C;&#x000D;&#x000A;&#x0410;&#x0415;&#x0421;&#x041B;&#x0418;&#x000D;&#x000A;&#x0423;&#x041A;&#x0410;&#x0417;&#x0410;&#x0422;&#x0415;&#x041B;&#x042C;&#x000D;&#x000A;&#x041D;&#x0410;&#x000D;&#x000A;&#x0417;&#x0410;&#x041F;&#x0418;&#x0421;&#x042C;&#x000D;&#x000A;&#x0418;&#x041D;&#x0410;&#x0427;&#x0415;&#x000D;&#x000A;REPEAT&#x000D;&#x000A;UNTIL&#x000D;&#x000A;CASE</Keywords>
            <Keywords name="Keywords2">&#x000D;&#x000A;</Keywords>
            <Keywords name="Keywords3"></Keywords>
            <Keywords name="Keywords4"></Keywords>
            <Keywords name="Keywords5"></Keywords>
            <Keywords name="Keywords6"></Keywords>
            <Keywords name="Keywords7"></Keywords>
            <Keywords name="Keywords8"></Keywords>
            <Keywords name="Delimiters">00( 01 02) 03 04 05 06 07 08 09 10 11 12 13 14 15 16 17 18 19 20 21 22 23</Keywords>
        </KeywordLists>
        <Styles>
            <WordsStyle name="DEFAULT" fgColor="FFFFFF" bgColor="000000" fontName="Consolas" fontStyle="0" fontSize="11" nesting="0" />
            <WordsStyle name="COMMENTS" fgColor="4F4FFF" bgColor="000000" fontName="Consolas" fontStyle="0" nesting="0" />
            <WordsStyle name="LINE COMMENTS" fgColor="0000FF" bgColor="FFFFFF" fontName="Consolas" fontStyle="0" nesting="0" />
            <WordsStyle name="NUMBERS" fgColor="0080FF" bgColor="FFFFFF" fontName="" fontStyle="0" nesting="0" />
            <WordsStyle name="KEYWORDS1" fgColor="FF0000" bgColor="000000" fontName="Consolas" fontStyle="1" fontSize="11" nesting="0" />
            <WordsStyle name="KEYWORDS2" fgColor="00FF80" bgColor="000000" fontName="" fontStyle="1" nesting="0" />
            <WordsStyle name="KEYWORDS3" fgColor="FFFFFF" bgColor="000000" fontName="Consolas" fontStyle="0" fontSize="11" nesting="0" />
            <WordsStyle name="KEYWORDS4" fgColor="FFFFFF" bgColor="000000" fontName="" fontStyle="0" nesting="0" />
            <WordsStyle name="KEYWORDS5" fgColor="000000" bgColor="FFFFFF" fontName="" fontStyle="0" nesting="0" />
            <WordsStyle name="KEYWORDS6" fgColor="FFFFFF" bgColor="000000" fontName="" fontStyle="0" nesting="0" />
            <WordsStyle name="KEYWORDS7" fgColor="FFFFFF" bgColor="000000" fontName="" fontStyle="0" nesting="0" />
            <WordsStyle name="KEYWORDS8" fgColor="FFFFFF" bgColor="000000" fontName="" fontStyle="0" nesting="0" />
            <WordsStyle name="OPERATORS" fgColor="FFFF00" bgColor="000000" fontName="Consolas" fontStyle="0" nesting="0" />
            <WordsStyle name="FOLDER IN CODE1" fgColor="FFFFFF" bgColor="000000" fontName="Consolas" fontStyle="0" fontSize="11" nesting="0" />
            <WordsStyle name="FOLDER IN CODE2" fgColor="FFFFFF" bgColor="000000" fontName="Consolas" fontStyle="0" nesting="0" />
            <WordsStyle name="FOLDER IN COMMENT" fgColor="8000FF" bgColor="000000" fontName="Consolas" fontStyle="0" fontSize="11" nesting="0" />
            <WordsStyle name="DELIMITERS1" fgColor="80FF80" bgColor="000000" fontName="Consolas" fontStyle="0" nesting="0" />
            <WordsStyle name="DELIMITERS2" fgColor="000000" bgColor="FFFFFF" fontName="" fontStyle="0" nesting="0" />
            <WordsStyle name="DELIMITERS3" fgColor="000000" bgColor="FFFFFF" fontName="" fontStyle="0" nesting="0" />
            <WordsStyle name="DELIMITERS4" fgColor="000000" bgColor="FFFFFF" fontName="" fontStyle="0" nesting="0" />
            <WordsStyle name="DELIMITERS5" fgColor="000000" bgColor="FFFFFF" fontName="" fontStyle="0" nesting="0" />
            <WordsStyle name="DELIMITERS6" fgColor="000000" bgColor="FFFFFF" fontName="" fontStyle="0" nesting="0" />
            <WordsStyle name="DELIMITERS7" fgColor="000000" bgColor="FFFFFF" fontName="" fontStyle="0" nesting="0" />
            <WordsStyle name="DELIMITERS8" fgColor="000000" bgColor="FFFFFF" fontName="" fontStyle="0" nesting="0" />
        </Styles>
    </UserLang>
</NotepadPlus>
